{"1":{"nextIdList":[2],"pos":{"x":0,"z":-2.55},"eulY":0,"isBendEnd":false},"2":{"nextIdList":[3,10,16],"pos":{"x":0,"z":-2.83},"eulY":0,"isBendEnd":false},"3":{"nextIdList":[4],"pos":{"x":0.79,"z":-3.5},"eulY":90,"isBendEnd":true},"4":{"nextIdList":[5],"pos":{"x":1.48,"z":-3.49},"eulY":90,"isBendEnd":false},"5":{"nextIdList":[6],"pos":{"x":2.49,"z":-4.53},"eulY":0,"isBendEnd":true},"6":{"nextIdList":[7],"pos":{"x":2.49,"z":-7.52},"eulY":0,"isBendEnd":false},"7":{"nextIdList":[8],"pos":{"x":1.51,"z":-8.5},"eulY":90,"isBendEnd":true},"8":{"nextIdList":[9],"pos":{"x":0.61,"z":-8.5},"eulY":90,"isBendEnd":false},"9":{"nextIdList":[18],"pos":{"x":0,"z":-9.19},"eulY":0,"isBendEnd":true},"10":{"nextIdList":[11],"pos":{"x":-0.79,"z":-3.5},"eulY":90,"isBendEnd":true},"11":{"nextIdList":[12],"pos":{"x":-1.48,"z":-3.49},"eulY":90,"isBendEnd":false},"12":{"nextIdList":[13],"pos":{"x":-2.49,"z":-4.53},"eulY":0,"isBendEnd":true},"13":{"nextIdList":[14],"pos":{"x":-2.49,"z":-7.52},"eulY":0,"isBendEnd":false},"14":{"nextIdList":[15],"pos":{"x":-1.51,"z":-8.5},"eulY":90,"isBendEnd":true},"15":{"nextIdList":[9],"pos":{"x":-0.61,"z":-8.5},"eulY":90,"isBendEnd":false},"16":{"nextIdList":[17],"pos":{"x":0,"z":-5.99},"eulY":0,"isBendEnd":false},"17":{"nextIdList":[18],"pos":{"x":0,"z":-9.6},"eulY":0,"isBendEnd":false},"18":{"nextIdList":[19],"pos":{"x":-0.01,"z":-13.16},"eulY":0,"isBendEnd":false},"19":{"nextIdList":[20,32],"pos":{"x":-2.35,"z":-15.5},"eulY":90,"isBendEnd":true},"20":{"nextIdList":[21],"pos":{"x":-7.78,"z":-15.5},"eulY":90,"isBendEnd":false},"21":{"nextIdList":[22],"pos":{"x":-9,"z":-16.73},"eulY":0,"isBendEnd":true},"22":{"nextIdList":[23],"pos":{"x":-9,"z":-19.55},"eulY":0,"isBendEnd":false},"23":{"nextIdList":[24],"pos":{"x":-7.65,"z":-20.51},"eulY":90,"isBendEnd":true},"24":{"nextIdList":[25],"pos":{"x":-6.44,"z":-20.51},"eulY":90,"isBendEnd":false},"25":{"nextIdList":[26],"pos":{"x":-3.99,"z":-23.02},"eulY":0,"isBendEnd":true},"26":{"nextIdList":[27],"pos":{"x":-1.52,"z":-25.53},"eulY":90,"isBendEnd":true},"27":{"nextIdList":[28],"pos":{"x":1.02,"z":-28.02},"eulY":0,"isBendEnd":true},"28":{"nextIdList":[29],"pos":{"x":-1.39,"z":-30.5},"eulY":90,"isBendEnd":true},"29":{"nextIdList":[30],"pos":{"x":-2.99,"z":-30.52},"eulY":90,"isBendEnd":false},"30":{"nextIdList":[999],"pos":{"x":-3.99,"z":-31.42},"eulY":0,"isBendEnd":true},"32":{"nextIdList":[33],"pos":{"x":-3.06,"z":-18.47},"eulY":0,"isBendEnd":false},"33":{"nextIdList":[26],"pos":{"x":-3.99,"z":-23.04},"eulY":0,"isBendEnd":false},"999":{"nextIdList":[],"pos":{"x":-3.99,"z":-34.67},"eulY":0,"isBendEnd":false}}