{"1":{"nextIdList":[2],"pos":{"x":0,"z":-4.5},"eulY":0,"isBendEnd":false},"2":{"nextIdList":[3,23],"pos":{"x":1,"z":-5.5},"eulY":90,"isBendEnd":true},"3":{"nextIdList":[4],"pos":{"x":2.5,"z":-5.5},"eulY":90,"isBendEnd":false},"4":{"nextIdList":[5],"pos":{"x":5,"z":-8},"eulY":0,"isBendEnd":true},"5":{"nextIdList":[6],"pos":{"x":2.5,"z":-10.5},"eulY":90,"isBendEnd":true},"6":{"nextIdList":[7],"pos":{"x":1,"z":-10.5},"eulY":90,"isBendEnd":false},"7":{"nextIdList":[8],"pos":{"x":0,"z":-11.5},"eulY":0,"isBendEnd":true},"8":{"nextIdList":[9],"pos":{"x":0,"z":-14.5},"eulY":0,"isBendEnd":false},"9":{"nextIdList":[10,25],"pos":{"x":-1,"z":-15.5},"eulY":90,"isBendEnd":true},"10":{"nextIdList":[11],"pos":{"x":-4,"z":-15.5},"eulY":90,"isBendEnd":false},"11":{"nextIdList":[12],"pos":{"x":-5,"z":-16.5},"eulY":0,"isBendEnd":true},"12":{"nextIdList":[13],"pos":{"x":-5,"z":-19.5},"eulY":0,"isBendEnd":false},"13":{"nextIdList":[14],"pos":{"x":-4,"z":-20.5},"eulY":90,"isBendEnd":true},"14":{"nextIdList":[15],"pos":{"x":3,"z":-20.5},"eulY":90,"isBendEnd":false},"15":{"nextIdList":[16],"pos":{"x":4,"z":-21.5},"eulY":0,"isBendEnd":true},"16":{"nextIdList":[17,27],"pos":{"x":4,"z":-23},"eulY":0,"isBendEnd":false},"17":{"nextIdList":[18],"pos":{"x":6.5,"z":-25.5},"eulY":90,"isBendEnd":true},"18":{"nextIdList":[19],"pos":{"x":9,"z":-28},"eulY":0,"isBendEnd":true},"19":{"nextIdList":[20],"pos":{"x":6.61,"z":-30.5},"eulY":90,"isBendEnd":true},"20":{"nextIdList":[21],"pos":{"x":5,"z":-30.5},"eulY":90,"isBendEnd":false},"21":{"nextIdList":[999],"pos":{"x":4,"z":-31.5},"eulY":0,"isBendEnd":true},"22":{"nextIdList":[999],"pos":{"x":4,"z":-31.5},"eulY":0,"isBendEnd":false},"23":{"nextIdList":[24],"pos":{"x":1.5,"z":-8},"eulY":0,"isBendEnd":true},"24":{"nextIdList":[7],"pos":{"x":1,"z":-10.5},"eulY":90,"isBendEnd":true},"25":{"nextIdList":[26],"pos":{"x":-2,"z":-18},"eulY":0,"isBendEnd":true},"26":{"nextIdList":[14],"pos":{"x":-1,"z":-20.5},"eulY":90,"isBendEnd":true},"27":{"nextIdList":[22],"pos":{"x":4,"z":-28},"eulY":0,"isBendEnd":false},"999":{"nextIdList":[],"pos":{"x":4,"z":-33},"eulY":0,"isBendEnd":false}}